dayak;Dajak;Dayak;Dayak;;Dayak;;;;;;;;;
acehnese;Atjehnese;Acehnese;Acehnese;;Acehnese;;;;;;;;;
balinese;Balinese;Balinese;Balinese;;Balinese;;;;;;;;;
batak;Batak;Batak;Batak;;Batak;;;;;;;;;
betawi;Betawi;Betawi;Betawi;;Betawi;;;;;;;;;
bantenese;Bantenese;Bantenese;Bantenese;;Bantenese;;;;;;;;;
banjarnese;Bandjarnese;Banjarnese;Banjarnese;;Banjarnese;;;;;;;;;
bunginese;Boeginese;Buginese;Buginese;;Buginese;;;;;;;;;
culture_makassar;Makassarese;Makassarese;Makassarese;;Makassarese;;;;;;;;;
minahasan;Minahasan;Minahasan;Minahasan;;Minahasan;;;;;;;;;
minangkabau;Minangkabau;Minangkabau;Minangkabau;;Minangkabau;;;;;;;;;
sundanese;Soendanese;Sundanese;Sundanese;;Sundanese;;;;;;;;;
sasak;Sasak;Sasak;Sasak;;Sasak;;;;;;;;;
madurese;Madoerese;Madurese;Madurese;;Madurese;;;;;;;;;
sumatran;Sumatran;;;;;;;;;;;;;
moro;Moro;;;;;;;;;;;;;
welsh;Welsh;;;;;;;;;;;;;
wallonian;Walloon;;;;;;;;;;;;;
volga_german;Eastern German;;;;;;;;;;;;;
arpitan;Arpitan;;;;;;;;;;;;;
hanhui;Hui;;;;;;;;;;;;;
siebenburger;Siebenburger;;;;;;;;;;;;;
anglo_canadian;Anglo-Canadian;Anglo-canadien;Anglokanadisch;;Anglocanadiense;;;;;;;;;
french_canadian;French-Canadien;Franco-canadien;Frankokanadisch;;Franco-canadiense;;;;;;;;;
anglo_indian;Anglo-Indian;;;;;;;;;;;;;
british;English;;;;;;;;;;;;;
dagestani;Dagestani;;;;;;;;;;;;;
circassian;Abkhazo-Circassian;;;;;;;;;;;;;
chechen;Chechen;;;;;;;;;;;;;
north_caucasian;Caucasian Minor;;;;;;;;;;;;;
caucasian;Caucasian;;;;;;;;;;;;;
agul;Agul;;;;;;;;;;;;;
tabasaran;Tabasaran;;;;;;;;;;;;;
karachai;Karachay;;;;;;;;;;;;;
abkhaz;Abkhaz;;;;;;;;;;;;;
kabardine;Kabardin;;;;;;;;;;;;;
cherkess;Cherkess;;;;;;;;;;;;;
rutul;Rutul;;;;;;;;;;;;;
lezgin;Lezgin;;;;;;;;;;;;;
avar;Avar;;;;;;;;;;;;;
oirat;Oirat;;;;;;;;;;;;;
ingush;Ingush;;;;;;;;;;;;;
nogai;Nogai;;;;;;;;;;;;;
kumyk;Kumyk;;;;;;;;;;;;;
balkar;Balkar;;;;;;;;;;;;;
laz;Laz;;;;;;;;;;;;;
svan;Svan;;;;;;;;;;;;;
megrelian;Megrelian;;;;;;;;;;;;;
ragenian;Ragenian;;;;;;;;;;;;;
swazi;Swazi;;;;;;;;;;;;;
lurish;Luri;;;;;;;;;;;;;
mari;Mari;;;;;;;;;;;;;
mordvin;Mordvin;;;;;;;;;;;;;
chuvash;Chuvash;;;;;;;;;;;;;
veps;Vepsian;;;;;;;;;;;;;
udmurt;Udmurt;;;;;;;;;;;;;
komi;Komi;;;;;;;;;;;;;
gayo;Gayo;;;;;;;;;;;;;
andanamese;Andanamese;;;;;;;;;;;;;
hindi;Hindi;;;;;;;;;;;;;
urdu;Urdu;;;;;;;;;;;;;
han_chinese;Han;;;;;;;;;;;;;
lak;Lak;;;;;;;;;;;;;
sumatri;Sumatri;;;;;;;;;;;;;
acadian;Acadian;;;;;;;;;;;;;
mizrahi;Mizrahi;;;;;;;;;;;;;
mulatto;Mulatto;;;;;;;;;;;;;
afro_french;Afro Fran�ais;;;;;;;;;;;;;
manx;Manx;;;;;;;;;;;;;
cornish;Cornish;;;;;;;;;;;;;
copt;Copt;;;;;;;;;;;;;
cossack;Cossack;;;;;;;;;;;;;
kashubian;Kashubian;;;;;;;;;;;;;
masurian;Masurian;;;;;;;;;;;;;
sorbian;Sorb;;;;;;;;;;;;;
formosan;Formosan;;;;;;;;;;;;;
mazanderani;Caspian;;;;;;;;;;;;;
talysh;Talysh;;;;;;;;;;;;;
beta_israeli;Beta Israeli;;;;;;;;;;;;;
qashqai;Qashqai;;;;;;;;;;;;;
afro_dutch;Afro-Dutch;;;;;;;;;;;;;
parsi;Parsi;;;;;;;;;;;;;
luri;Luri;;;;;;;;;;;;;
tabari;Tabari;;;;;;;;;;;;;
kalash;Kalash;;;;;;;;;;;;;
frisian;Frisian;;;;;;;;;;;;;
californian_people;Californian Indian;;;;;;;;;;;;;
cheyenne;Cheyenne;;;;;;;;;;;;;
comanche;Comanche;;;;;;;;;;;;;
dakota;Dakota;;;;;;;;;;;;;
great_basin_peoples;Great Basin Indian;;;;;;;;;;;;;
lakota;Lakota;;;;;;;;;;;;;
nakota;Nakota;;;;;;;;;;;;;
north_west_coastal;Northwest Coastal Indian;;;;;;;;;;;;;
osage;Osage;;;;;;;;;;;;;
pawnee;Pawnee;;;;;;;;;;;;;
plateau_peoples;Plateau Indian;;;;;;;;;;;;;
serer;Serer;;;;;;;;;;;;;
zarma;Zarma;;;;;;;;;;;;;
western_nigritic;Western Nigritic;;;;;;;;;;;;;
east_kwa;Kwa;;;;;;;;;;;;;
gur;Gur;;;;;;;;;;;;;
south_forest_bantu;Central Bantu;;;;;;;;;;;;;
forest_bantu;Northwest Bantu;;;;;;;;;;;;;
ubangian;Ubangi;;;;;;;;;;;;;
kavango;Kavango-Kimbundu;;;;;;;;;;;;;
southern_bantu;Makua;;;;;;;;;;;;;
yao;Yao-Makonde;;;;;;;;;;;;;
teda;Toubou;;;;;;;;;;;;;
sara;Sara-Baguirmi;;;;;;;;;;;;;
tiv;Bantoid;;;;;;;;;;;;;
baguirmi;Maban;;;;;;;;;;;;;
nyasa;Nyasa;;;;;;;;;;;;;
kilombero;Kilombero;;;;;;;;;;;;;
cushitic;Cushitic;;;;;;;;;;;;;
nilotic;Nilotic;;;;;;;;;;;;;
lacustrine_bantu;Northeast Bantu;;;;;;;;;;;;;
maasai;Kalenjin-Maasai;;;;;;;;;;;;;
kikuyu;Kikuyu-Kamba;;;;;;;;;;;;;
guajiro;Wayuu;;;;;;;;;;;;;
lendu;Lendu;;;;;;;;;;;;;
kingwana;Kingwana;;;;;;;;;;;;;
chokwe;Chokwe;;;;;;;;;;;;;
pied_noir;Pied-Noir;;;;;;;;;;;;;
swiss_german;Swiss-German;;;;;;;;;;;;;
swiss_french;Swiss-French;;;;;;;;;;;;;
swiss_italian;Swiss-Italian;;;;;;;;;;;;;
rhinelander;Rhenish;;;;;;;;;;;;;
french_australasien;Australasien;;;;;;;;;;;;;
louisianan;Louisianan;;;;;;;;;;;;;
cajun;Cadien;;;;;;;;;;;;;
shinto;Shinbutsu;;;;;;;;;;;;;
sephardic;Sephardic;;;;;;;;;;;;;
khoisan;San;;;;;;;;;;;;;
boer;Afrikaner;;;;;;;;;;;;;
sotho;Basotho;;;;;;;;;;;;;
chilean;Chilean;;;;;;;;;;;;;
patagonian;Mapuche;;;;;;;;;;;;;
peruvian;Peruvian;;;;;;;;;;;;;
bolivian;Bolivian;;;;;;;;;;;;;
south_andean;South Andean;;;;;;;;;;;;;
gypsy;Romani;;;;;;;;;;;;;
lampung;Lampung;;;;;;;;;;;;;
tsakhur;Tsakhur;;;;;;;;;;;;;
#############################################;;;;;;;;;;;;;;
chukchi;Chukchi;;;;;;;;;;;;;
chechen;Chechen;;;;;;;;;;;;;
gagauz;Gagauz;;;;;;;;;;;;;
nivkh;Nivkh;;;;;;;;;;;;;
miskito;Miskito;;;;;;;;;;;;;
astrakhani;Astrakhani;;;;;;;;;;;;;
maldivian;Maldivian;;;;;;;;;;;;;
nicobarese;Nicobarese;;;;;;;;;;;;;
moriori;Moriori;;;;;;;;;;;;;
nenets;Nenets;;;;;;;;;;;;;
chamorro;Chamorro;;;;;;;;;;;;;
hainanese;Hainanese;;;;;;;;;;;;;
macanese;Macanese;;;;;;;;;;;;;
tujia;Tujia;;;;;;;;;;;;;
dongxiang;Dongxiang;;;;;;;;;;;;;
livonian;Livonian;;;;;;;;;;;;;
waxiang;Waxiang;;;;;;;;;;;;;
salar;Salar;;;;;;;;;;;;;
gejia;Gejia;;;;;;;;;;;;;
tsakonian;Tsakonian;;;;;;;;;;;;;
lizu;Hlai;;;;;;;;;;;;;
aynu;�ynu;;;;;;;;;;;;;
chuanqing;Chuanqing;;;;;;;;;;;;;
tunbao;Tunbao;;;;;;;;;;;;;
bonan;Bonan;;;;;;;;;;;;;
qaraqalpaq;Qaraqalpaq;;;;;;;;;;;;;
hoklo;Hoklo;;;;;;;;;;;;;
leizhou;Leizhou;;;;;;;;;;;;;
hokchia;Hokchia;;;;;;;;;;;;;
teo_swa;Teo-Swa;;;;;;;;;;;;;
putian;Putian;;;;;;;;;;;;;
nanping;Nanping;;;;;;;;;;;;;
min_vietnamese;Min-Vietnamese;;;;;;;;;;;;;
khanty;Khanty;;;;;;;;;;;;;
mansi;Mansi;;;;;;;;;;;;;
yoruk;Y�r�k;;;;;;;;;;;;;
daur;Daur;;;;;;;;;;;;;
oroqen;Oroqen;;;;;;;;;;;;;
gutnic;Gutnic;;;;;;;;;;;;;
monguor;Monguor;;;;;;;;;;;;;
kam_culture;Kam;;;;;;;;;;;;;
she;She;;;;;;;;;;;;;
moghol;Moghol;;;;;;;;;;;;;
faroese;Faroese;;;;;;;;;;;;;
kongo;Kongo;;;;;;;;;;;;;
maroon;Maroon;;;;;;;;;;;;;
tanka;Tanka;;;;;;;;;;;;;
mandar;Mandar;;;;;;;;;;;;;
roti;Roti;;;;;;;;;;;;;
seminole;Seminole;;;;;;;;;;;;;
okinawan;Okinawan;;;;;;;;;;;;;
afro_turk;Afro-Turkish;;;;;;;;;;;;;
siddi;Sidhi;;;;;;;;;;;;;
franco_indian;Franco-Indian;;;;;;;;;;;;;
luso_indian;Luso-Indian;;;;;;;;;;;;;
aleut;Aleut;;;;;;;;;;;;;
eyak;Eyak;;;;;;;;;;;;;
inupiat;I�upiat;;;;;;;;;;;;;
tlingit;Tlingit;;;;;;;;;;;;;
haida;Haida;;;;;;;;;;;;;
yupik;Yupik;;;;;;;;;;;;;
tsimshian;Tsimshian;;;;;;;;;;;;;
alaska_athabaskan;Alaska-Athabaskan;;;;;;;;;;;;;
kumzari;Kumzari;;;;;;;;;;;;;
lari;Lari;;;;;;;;;;;;;
talish;Talysh;;;;;;;;;;;;;
gilaki;Gilaki;;;;;;;;;;;;;
tati;Tati;;;;;;;;;;;;;
galechi;Galechi;;;;;;;;;;;;;
semnani;Semnani;;;;;;;;;;;;;
ydigha;Ydigha;;;;;;;;;;;;;
munji;Munji;;;;;;;;;;;;;
bachatiari;Bakhtiari;;;;;;;;;;;;;
mamasani;Southern Luri;;;;;;;;;;;;;
waneci;Waneci;;;;;;;;;;;;;
ormuri;Ormuri;;;;;;;;;;;;;
brahui;Brahui;;;;;;;;;;;;;
minabi;Minabi;;;;;;;;;;;;;
yaghnobi;Yaghnobi;;;;;;;;;;;;;
pashai;Pashai;;;;;;;;;;;;;
khowar;Khowar;;;;;;;;;;;;;
shina;Shina;;;;;;;;;;;;;
kohistani;Kohistani;;;;;;;;;;;;;
mishmi;Mishmi;;;;;;;;;;;;;
mountain_jewish;Mountain Jewish;;;;;;;;;;;;;
basseri;Basseri;;;;;;;;;;;;;
yazgulyam;Yazgulyam;;;;;;;;;;;;;
gorani_alb;Gorani;;;;;;;;;;;;;
gorani;Gorani;;;;;;;;;;;;;
zazaki;Zazaki;;;;;;;;;;;;;
blanco_caribeno;Blanco;;;;;;;;;;;;;
norman;Norman;;;;;;;;;;;;;
tanoan;Tanoan;;;;;;;;;;;;;
keres;Keres;;;;;;;;;;;;;
hopi;Hopi;;;;;;;;;;;;;
zuni;Zuni;;;;;;;;;;;;;
gaucho;Gaucho;;;;;;;;;;;;;
ulster_scottish;Ulster Scottish;;;;;;;;;;;;;
kiwi;New Zealander;;;;;;;;;;;;;
australian;Australian;;;;;;;;;;;;;
mazanderani;Mazanderani;;;;;;;;;;;;;
corsican;Corsican;;;;;;;;;;;;;
gallo;Gallo;;;;;;;;;;;;;
choktaw;Choktaw;;;;;;;;;;;;;
comanche;Comanche;;;;;;;;;;;;;
wichita;Wichita;;;;;;;;;;;;;
caddo;Caddo;;;;;;;;;;;;;
kiowa;Kiowa;;;;;;;;;;;;;
apache;Apache;;;;;;;;;;;;;
karankawa;Karankawa;;;;;;;;;;;;;
tonkawa;Tonkawa;;;;;;;;;;;;;
aranama;Aranama;;;;;;;;;;;;;
hasinai;Hasinai;;;;;;;;;;;;;
kickapoo;Kickapoo;;;;;;;;;;;;;
atakapa;Atakapa;;;;;;;;;;;;;
coushatta;Coushatta;;;;;;;;;;;;;
alabama;Alabama;;;;;;;;;;;;;
comechingon;Comeching�n;;;;;;;;;;;;;
sanaviron;Sanavir�n;;;;;;;;;;;;;
selknam;Selknam;;;;;;;;;;;;;
yaghan;Yaghan;;;;;;;;;;;;;
haush;Haush;;;;;;;;;;;;;
houma;Houma;;;;;;;;;;;;;
biloxi;Biloxi;;;;;;;;;;;;;
tunica;Tunica;;;;;;;;;;;;;
chitimacha;Chitimacha;;;;;;;;;;;;;
natchez;Natchez;;;;;;;;;;;;;
carib;Kalinago;;;;;;;;;;;;;
garifuna;Garifuna;;;;;;;;;;;;;
bouyei;Bouyei;;;;;;;;;;;;;
aaniiih;Atsinah;;;;;;;;;;;;;
kalispel;Kalispel;;;;;;;;;;;;;
kutenai;Kutenai;;;;;;;;;;;;;
bitterroot;Bitterroot;;;;;;;;;;;;;
ojibwe;Ojibwe;;;;;;;;;;;;;
blackfoot;Blackfoot;;;;;;;;;;;;;
crow;Crow;;;;;;;;;;;;;
cheyenne_people;Cheyenne;;;;;;;;;;;;;
assiniboine;Assiniboine;;;;;;;;;;;;;
sioux;Sioux;;;;;;;;;;;;;
shoshone;Shoshone;;;;;;;;;;;;;
arapaho;Arapaho;;;;;;;;;;;;;
ute;Ute;;;;;;;;;;;;;
bannock;Bannock;;;;;;;;;;;;;
nez_perce;Nez Perce;;;;;;;;;;;;;
skitswish;Skitswish;;;;;;;;;;;;;
cayuse;Cayuse;;;;;;;;;;;;;
yakama;Yakama;;;;;;;;;;;;;
walla_walla;Walla Walla;;;;;;;;;;;;;
klickitat;Klickitat;;;;;;;;;;;;;
umatilla;Umatilla;;;;;;;;;;;;;
spokane_people;Spokane;;;;;;;;;;;;;
north_paiute;North Paiute;;;;;;;;;;;;;
haitian_creole;Haitian Creole;;;;;;;;;;;;;
males;Mal�;;;;;;;;;;;;;
norfuk;Norfuk;;;;;;;;;;;;;
pitkern;Pitkern;;;;;;;;;;;;;
americo_liberian;Americo-Liberian;;;;;;;;;;;;;
caipira;Caipira;;;;;;;;;;;;;
south_paiute;South Paiute;;;;;;;;;;;;;
goshute;Goshute;;;;;;;;;;;;;
timpanogo;Timpanogos;;;;;;;;;;;;;
timbisha;Timbisha;;;;;;;;;;;;;
washoe;Washoe;;;;;;;;;;;;;
tubatulabal;T�batulabal;;;;;;;;;;;;;
maidu;Maidu;;;;;;;;;;;;;
nisenan;Nisenan;;;;;;;;;;;;;
kawaiisu;Kawaiisu;;;;;;;;;;;;;
yokut;Yokut;;;;;;;;;;;;;
miwok;Miwok;;;;;;;;;;;;;
mono;Mono;;;;;;;;;;;;;
tongva;Tongva;;;;;;;;;;;;;
esselen;Esselen;;;;;;;;;;;;;
kumeyaay;Kumeyaay;;;;;;;;;;;;;
payomkawichum;Pay�mkawichum;;;;;;;;;;;;;
cahuilla;Cahuilla;;;;;;;;;;;;;
wappo;Wappo;;;;;;;;;;;;;
quoeech;Quoeech;;;;;;;;;;;;;
walapai;Walapai;;;;;;;;;;;;;
norn;Norn;;;;;;;;;;;;;
dalmatian;Dalmatian;;;;;;;;;;;;;
pomo;Pomo;;;;;;;;;;;;;
mohave;Mohave;;;;;;;;;;;;;
halchidhoma;Halchidhoma;;;;;;;;;;;;;
yuki;Yuki;;;;;;;;;;;;;
chemehuevi;Chemehuevi;;;;;;;;;;;;;
chumash;Chumash;;;;;;;;;;;;;
shasta;Shasta;;;;;;;;;;;;;
cochimi;Cochim�;;;;;;;;;;;;;
paipai;Paipai;;;;;;;;;;;;;
cocopah;Cocopah;;;;;;;;;;;;;
kiliwa;Kiliwa;;;;;;;;;;;;;
quechan;Yuma;;;;;;;;;;;;;
konkow;Konkow;;;;;;;;;;;;;
modoc;Modoc;;;;;;;;;;;;;
kitanemuk;Kitanemuk;;;;;;;;;;;;;
arbanasi;Arbanasi;;;;;;;;;;;;;
yurok_wiyot;Yurok-Wiyot;;;;;;;;;;;;;
wintun;Wintun;;;;;;;;;;;;;
cali_athabaskan;Pacific Athabaskan;;;;;;;;;;;;;
pit_river;Pit River Native;;;;;;;;;;;;;
yana;Yana;;;;;;;;;;;;;
ohlone;Ohlone;;;;;;;;;;;;;
salinan;Salinan;;;;;;;;;;;;;
chimariko;Chimariko;;;;;;;;;;;;;
serrano;Serrano;;;;;;;;;;;;;
karok;Karuk;;;;;;;;;;;;;
tataviam;Tataviam;;;;;;;;;;;;;
wanapum;Wanapum;;;;;;;;;;;;;
tenino;Tenino;;;;;;;;;;;;;
coast_oregon_penutian;Coast Oregon Penutian;;;;;;;;;;;;;
klamath;Klamath;;;;;;;;;;;;;
molala;Molala;;;;;;;;;;;;;
takelma;Takelma;;;;;;;;;;;;;
palouse;Palouse;;;;;;;;;;;;;
kalapuya;Kalapuya;;;;;;;;;;;;;
coast_salish;Coast Salish;;;;;;;;;;;;;
tillamook;Tillamook;;;;;;;;;;;;;
chinook;Chinook;;;;;;;;;;;;;
magyarab;Magyarab;;;;;;;;;;;;;
kursenieki;Kursenieki;;;;;;;;;;;;;
maniot;Maniot;;;;;;;;;;;;;
yola;Yola;;;;;;;;;;;;;
fingallian;Fingallian;;;;;;;;;;;;;
masurian;Masurian;;;;;;;;;;;;;
pomor;Pomor;;;;;;;;;;;;;
kusunda;Kusunda;;;;;;;;;;;;;
nihali;Nihali;;;;;;;;;;;;;
kuot;Kuot;;;;;;;;;;;;;
kol_culture;Kol;;;;;;;;;;;;;
ata_culture;Ata;;;;;;;;;;;;;
anem;An�m;;;;;;;;;;;;;
abinomn;Abinomn;;;;;;;;;;;;;
guato;Guat�;;;;;;;;;;;;;
trumai;Trumai;;;;;;;;;;;;;
kanoe;Kano�;;;;;;;;;;;;;
kwaza;Kwaza;;;;;;;;;;;;;
guajiro;Wayuu;;;;;;;;;;;;;
aikana;Aikan�;;;;;;;;;;;;;
leco;Leco;;;;;;;;;;;;;
chana;Chana;;;;;;;;;;;;;
yuracare;Yuracar�;;;;;;;;;;;;;
chiquitano;Chiquitano;;;;;;;;;;;;;
tsimane;Tsiman�;;;;;;;;;;;;;
canichana;Canichana;;;;;;;;;;;;;
cayubaba;Cayuvava;;;;;;;;;;;;;
movima;Movima;;;;;;;;;;;;;
huaorani;Huaorani;;;;;;;;;;;;;
kamentsa;Kam�nts�;;;;;;;;;;;;;
cofan;Cof�n;;;;;;;;;;;;;
munichi;Munichi;;;;;;;;;;;;;
candoshi_shapra;Candoshi-Shapra;;;;;;;;;;;;;
urarina;Urarina;;;;;;;;;;;;;
warao;Warao;;;;;;;;;;;;;
mochica;Mochica;;;;;;;;;;;;;
yaruro;Yaruro;;;;;;;;;;;;;
laal;Laal;;;;;;;;;;;;;
hadza;Hadza;;;;;;;;;;;;;
sandawe;Sandawe;;;;;;;;;;;;;
shabo;Shabo;;;;;;;;;;;;;
kawesqar;Kawesqar;;;;;;;;;;;;;
chono;Chono;;;;;;;;;;;;;
aonikenk;Aonikenk;;;;;;;;;;;;;
teuesch;Teuesch;;;;;;;;;;;;;
payniken;Paynik�n;;;;;;;;;;;;;
moluche;Moluche;;;;;;;;;;;;;
picunche;Picunche;;;;;;;;;;;;;
leuvuche;Leuvuche;;;;;;;;;;;;;
voroga;Voroga;;;;;;;;;;;;;
chechehet;Chechehet;;;;;;;;;;;;;
diuhet;Diuhiet;;;;;;;;;;;;;
taluhet;Taluhet;;;;;;;;;;;;;
huilliche;Huilliche;;;;;;;;;;;;;
ranquel;Ranquel;;;;;;;;;;;;;
jerriais;J�rriais;;;;;;;;;;;;;
guernesais;Guern�siais;;;;;;;;;;;;;
mizrahi;Mizrahi;;;;;;;;;;;;;
teimani;Teimani;;;;;;;;;;;;;
lom_people;Lom;;;;;;;;;;;;;
dom_people;Dom;;;;;;;;;;;;;
corfiot;Corfiot;;;;;;;;;;;;;
lannang_oe;Lannang-Oe;;;;;;;;;;;;;
chuukese;Chuukese;;;;;;;;;;;;;
goral;Goral;;;;;;;;;;;;;
raizal;Raizal;;;;;;;;;;;;;
shahsevan;Shahsevan;;;;;;;;;;;;;
sard;Sardu;;;;;;;;;;;;;
marsh_arab;Shroog;;;;;;;;;;;;;
mandaean;Mandaean;;;;;;;;;;;;;
sinti;Sinti;;;;;;;;;;;;;
romanichal;Romanichal;;;;;;;;;;;;;
welsh_kale;Welsh Kale;;;;;;;;;;;;;
finnish_kale;Finnish Kale;;;;;;;;;;;;;
xaladitka_roma;Xaladitka Roma;;;;;;;;;;;;;
boyash;Boyash;;;;;;;;;;;;;
lovari;Lovari;;;;;;;;;;;;;
sepeci;Sepeci Roma;;;;;;;;;;;;;
servitka_roma;Servitka Roma;;;;;;;;;;;;;
egipkjani;Egiptkjani;;;;;;;;;;;;;
ashkali;Ashkali;;;;;;;;;;;;;
sokci;�okci;;;;;;;;;;;;;
bunjevci;Bunjevci;;;;;;;;;;;;;
gurbeti;Gurbeti;;;;;;;;;;;;;
gullah;Gullah;;;;;;;;;;;;;
melungeon;Melungeon;;;;;;;;;;;;;
kamassian;Kamassian;;;;;;;;;;;;;
louisiana_creole;Louisiana Creole;;;;;;;;;;;;;
traveller;Traveller;;;;;;;;;;;;;
irish_traveller;Irish Traveller;;;;;;;;;;;;;
lowland_traveller;Lowland Traveller;;;;;;;;;;;;;
xoraxane_roma;Xoraxane Roma;;;;;;;;;;;;;
camminanti;Camminanti;;;;;;;;;;;;;
woonwagenbewoner;Woonwagenbewoner;;;;;;;;;;;;;
quincalleros;Quincalleros;;;;;;;;;;;;;
highland_traveller;Highland Traveller;;;;;;;;;;;;;
romungro;Romungro;;;;;;;;;;;;;
ursari;Ursari;;;;;;;;;;;;;
zargari;Zargari;;;;;;;;;;;;;
garachi;Garachi;;;;;;;;;;;;;
lyuli;Lyuli;;;;;;;;;;;;;
bergitka_roma;Bergitka Roma;;;;;;;;;;;;;
fantefolk;Fantefolk;;;;;;;;;;;;;
romanisael;Romanisael;;;;;;;;;;;;;
gitano;Gitano;;;;;;;;;;;;;
erromintxela;Erromintexla;;;;;;;;;;;;;
livvi;Livvi;;;;;;;;;;;;;
ludic;Ludic;;;;;;;;;;;;;
selkup;Selkup;;;;;;;;;;;;;
tosk;Tosk;;;;;;;;;;;;;
arvanite;Arvanite;;;;;;;;;;;;;
istro_romanian;Istro-Romanian;;;;;;;;;;;;;
megleno_romanian;Megleno-Romanian;;;;;;;;;;;;;
griko;Griko;;;;;;;;;;;;;
samaritan;Samaritan;;;;;;;;;;;;;
dezfuli_shushtari;Dezfuli-Shushtari;;;;;;;;;;;;;
bandari;Bandari;;;;;;;;;;;;;
hispano_filipino;Hispano-Filipino;;;;;;;;;;;;;
hutsul;Hutsul;;;;;;;;;;;;;
lemko;Lemko;;;;;;;;;;;;;
boyko;Boyko;;;;;;;;;;;;;
rusyn;Dolinyan;;;;;;;;;;;;;
hunsrik;Hunsrik;;;;;;;;;;;;;
pennsylvania_dutch;Pennsylvania Dutch;;;;;;;;;;;;;
lipka;Lipka Tatar;;;;;;;;;;;;;
parachi;Parachi;;;;;;;;;;;;;
dehwar;Dehwar;;;;;;;;;;;;;
wakhi;Wakhi;;;;;;;;;;;;;
shughni;Shughni;;;;;;;;;;;;;
khufi;Khufi;;;;;;;;;;;;;
sanglechi;Sanglechi;;;;;;;;;;;;;
rushani;Rushani;;;;;;;;;;;;;
ishkashimi;Ishkashimi;;;;;;;;;;;;;
vanji;Vanji;;;;;;;;;;;;;
oroshi;Oroshi;;;;;;;;;;;;;
bartangi;Bartangi;;;;;;;;;;;;;
oroshori;Oroshori;;;;;;;;;;;;;
sarikoli;Sarikoli;;;;;;;;;;;;;
kven;Kven;;;;;;;;;;;;;
tornedalian;Tornedalian;;;;;;;;;;;;;
forest_finnish;Forest Finn;;;;;;;;;;;;;
cagot;Cagot;;;;;;;;;;;;;
seto;Seto;;;;;;;;;;;;;
vilamovian;Vilamovian;;;;;;;;;;;;;
pontic;Pontic;;;;;;;;;;;;;
hemshin;Hemshin;;;;;;;;;;;;;
cappadocian;Cappadocian;;;;;;;;;;;;;
karamanli;Karamanlide;;;;;;;;;;;;;
rumeika;Rum�ika;;;;;;;;;;;;;
urum;Urum;;;;;;;;;;;;;
molokan;Molokan;;;;;;;;;;;;;
palawa;Palawa;;;;;;;;;;;;;
yenish;Yenish;;;;;;;;;;;;;
zenaga;Zenaga;;;;;;;;;;;;;
east_zenati;East Zenati;;;;;;;;;;;;;
siwi;Siwi;;;;;;;;;;;;;
mzab_wargia;Mzabwargia;;;;;;;;;;;;;
shawiya;Shawiya;;;;;;;;;;;;;
kabyle;Kabyle;;;;;;;;;;;;;
shenwa;Shenwa;;;;;;;;;;;;;
shilha;Shilha;;;;;;;;;;;;;
senhaja;Senhaja;;;;;;;;;;;;;
tamaziyt;Tamazight;;;;;;;;;;;;;
ayt;A�t;;;;;;;;;;;;;
ghadam;Ghadam;;;;;;;;;;;;;
teda;Teda;;;;;;;;;;;;;
sokna;Sokna;;;;;;;;;;;;;
nafusi;Nafusi;;;;;;;;;;;;;
awjila;Awjila;;;;;;;;;;;;;
riffian;Riffian;;;;;;;;;;;;;
dukha;Dukha;;;;;;;;;;;;;
orok;Orok;;;;;;;;;;;;;
evenki;Evenki;;;;;;;;;;;;;
negidal;Negidal;;;;;;;;;;;;;
tofalar;Tofalar;;;;;;;;;;;;;
votian;Votian;;;;;;;;;;;;;
montenegrin;Montenegrin;;;;;;;;;;;;;
foqaha;Foqaha;;;;;;;;;;;;;
tmessa;Tmessa;;;;;;;;;;;;;
kara;Kara;;;;;;;;;;;;;
ladin;Ladino;;;;;;;;;;;;;
friulian;Friuliano;;;;;;;;;;;;;
volga_german;Volga German;;;;;;;;;;;;;
baltic_german;Baltic German;;;;;;;;;;;;;
sibirian_german;Siberia German;;;;;;;;;;;;;
aibofolke;Aibofolke;;;;;;;;;;;;;
finlandssvenskar;Fenno-Swedish;;;;;;;;;;;;;
karelian;Karelian;;;;;;;;;;;;;
provencal;Proven�al;;;;;;;;;;;;;
voro;V�ro;;;;;;;;;;;;;
ingrian;Ingrian;;;;;;;;;;;;;
izhorian;Izhorian;;;;;;;;;;;;;
enets;Enets;;;;;;;;;;;;;
ilocano;Ilocano;;;;;;;;;;;;;
itneg;Itneg;;;;;;;;;;;;;
kalinga;Kalinga;;;;;;;;;;;;;
balangao;Balangao;;;;;;;;;;;;;
bontoc;Central Bontoc;;;;;;;;;;;;;
finallig;Finallig;;;;;;;;;;;;;
kankanaey;Kankanaey;;;;;;;;;;;;;
ifugao;Ifugao;;;;;;;;;;;;;
kallahan;Kallahan;;;;;;;;;;;;;
karao;Karao;;;;;;;;;;;;;
gaddang;Gaddang;;;;;;;;;;;;;
ibaloi;Ibaloi;;;;;;;;;;;;;
iwaak;Iwaak;;;;;;;;;;;;;
isinai;Isinai;;;;;;;;;;;;;
ilongot;Ilongot;;;;;;;;;;;;;
arta;Arta;;;;;;;;;;;;;
yogad;Yogad;;;;;;;;;;;;;
ibanag;Ibanag;;;;;;;;;;;;;
atta;Atta;;;;;;;;;;;;;
agta;Agta;;;;;;;;;;;;;
dumagat;Dumagat;;;;;;;;;;;;;
kasiguranin;Kasiguranin;;;;;;;;;;;;;
ivatan;Ivanan;;;;;;;;;;;;;
pangansinese;Pangansinese;;;;;;;;;;;;;
sambal;Sambal;;;;;;;;;;;;;
itawit;Itawit;;;;;;;;;;;;;
paranan;Paranan;;;;;;;;;;;;;
alta;Alta;;;;;;;;;;;;;
tagalog;Tagalog;;;;;;;;;;;;;
kampangan;Kapampangan;;;;;;;;;;;;;
aeta;Aeta;;;;;;;;;;;;;
chavacano;Chavacano;;;;;;;;;;;;;
bikol;Bikol;;;;;;;;;;;;;
sorsogon;Sorsegon;;;;;;;;;;;;;
catanduanes;Catanduanes;;;;;;;;;;;;;
tadyawan;Tadyawan;;;;;;;;;;;;;
iraya;Iraya;;;;;;;;;;;;;
tagbanwa;Tagbanwa;;;;;;;;;;;;;
cuyonon;Cuyonon;;;;;;;;;;;;;
kagayanen;Kagayanen;;;;;;;;;;;;;
palawan;Palawan;;;;;;;;;;;;;
bato;Taut Bato;;;;;;;;;;;;;
molbog;Molbog;;;;;;;;;;;;;
romblomanon;Romblomanon;;;;;;;;;;;;;
cebuano;Cebuano;;;;;;;;;;;;;
hiligaynon;Hiligaynon;;;;;;;;;;;;;
magahat;Magahat;;;;;;;;;;;;;
ati;Ati;;;;;;;;;;;;;
hamtikanon;Hamtikanon;;;;;;;;;;;;;
masbatenyo;Masbatenyo;;;;;;;;;;;;;
waray;Waray;;;;;;;;;;;;;
yakan;Yakan;;;;;;;;;;;;;
tausug;Tausug;;;;;;;;;;;;;
sama;Sama;;;;;;;;;;;;;
subanon;Subanon;;;;;;;;;;;;;
manobo;Manobo;;;;;;;;;;;;;
higaonon;Higaonon;;;;;;;;;;;;;
mamanwa;Mamanwa;;;;;;;;;;;;;
surigaonon;Surigaonon;;;;;;;;;;;;;
blaan;Blaan;;;;;;;;;;;;;
mansaka;Mansaka;;;;;;;;;;;;;
lanao;Lanao;;;;;;;;;;;;;
iranun;Iranun;;;;;;;;;;;;;
teduray;Teduray;;;;;;;;;;;;;
maguindanaon;Maguindanaon;;;;;;;;;;;;;
qajar;Qajar;;;;;;;;;;;;;
venetian;Veneto;;;;;;;;;;;;;
tuscan;Toscano;;;;;;;;;;;;;
neapolitan;Napoletano;;;;;;;;;;;;;
mediano;Mediano;;;;;;;;;;;;;
galloitalian;Gallo-Italico;;;;;;;;;;;;;
sicilianu;Sicilianu;;;;;;;;;;;;;
maduran;Maduran;;;;;;;;;;;;;
sundanese;Sundanese;;;;;;;;;;;;;
baduy;Baduy;;;;;;;;;;;;;
banten;Banten;;;;;;;;;;;;;
betawi;Betawi;;;;;;;;;;;;;
acehnese;Acehnese;;;;;;;;;;;;;
alas;Alas;;;;;;;;;;;;;
batak;Batak;;;;;;;;;;;;;
minangkabau;Minangkabau;;;;;;;;;;;;;
nias;Nias;;;;;;;;;;;;;
rejang;Rejang;;;;;;;;;;;;;
bengkulu;Bengkulu;;;;;;;;;;;;;
mun_nulu;Mun Nulu;;;;;;;;;;;;;
lampung;Lampung;;;;;;;;;;;;;
sekah;Sekah;;;;;;;;;;;;;
sarakatsani;Sarakatsani;;;;;;;;;;;;;
khorasani;Khorasani;;;;;;;;;;;;;
pijao;Pijao;;;;;;;;;;;;;
bora;Bora;;;;;;;;;;;;;
uinono;Uinono;;;;;;;;;;;;;
mirana;Mira�a;;;;;;;;;;;;;
ocaina;Ocaina;;;;;;;;;;;;;
meneca;Meneca;;;;;;;;;;;;;
nonuya;Nonuya;;;;;;;;;;;;;
nipode;Nipode;;;;;;;;;;;;;
kainuu;Kainuu;;;;;;;;;;;;;
valdotains;Vald�tain;;;;;;;;;;;;;
silesian;Silesian;;;;;;;;;;;;;
poland_german;Poland German;;;;;;;;;;;;;
crimean_german;Crimea German;;;;;;;;;;;;;
mexican_norteno;Norte�o;;;;;;;;;;;;;
yucateco;Yucatecan;;;;;;;;;;;;;
totonaco;Totonaco;;;;;;;;;;;;;
tarahumara;Tarahumara;;;;;;;;;;;;;
pima;Pima;;;;;;;;;;;;;
guarijio;Guarijio;;;;;;;;;;;;;
tapahuano;Tepehuano;;;;;;;;;;;;;
mayo;Mayo;;;;;;;;;;;;;
yaqui;Yaqui;;;;;;;;;;;;;
hutchol;Hulchol;;;;;;;;;;;;;
cora;Cora;;;;;;;;;;;;;
kikapu;Kikap�;;;;;;;;;;;;;
purepecha;Pur�pecha;;;;;;;;;;;;;
kaqchikel;Kaqchikel;;;;;;;;;;;;;
otomi;Otom�;;;;;;;;;;;;;
akateko;Akateko;;;;;;;;;;;;;
chol;Ch'ol;;;;;;;;;;;;;
chontal;Chontal;;;;;;;;;;;;;
ixcateco;Ixcateco;;;;;;;;;;;;;
mam;Mam;;;;;;;;;;;;;
qatok;Qatok;;;;;;;;;;;;;
tseital;Tseital;;;;;;;;;;;;;
jakalteco;Jakalteco;;;;;;;;;;;;;
zoque;Zoque;;;;;;;;;;;;;
tsotsil;Tsotsil;;;;;;;;;;;;;
huasteco;Huasteco;;;;;;;;;;;;;
chinanteco;Chinanteco;;;;;;;;;;;;;
sayulteco;Sayulteco;;;;;;;;;;;;;
texistepequeno;Texistepeque�o;;;;;;;;;;;;;
pame;Pame;;;;;;;;;;;;;
mixteco;Mixteco;;;;;;;;;;;;;
amuzgo;Amuzgo;;;;;;;;;;;;;
tlapaneco;Tlapaneco;;;;;;;;;;;;;
matlanzica;Matlanzica;;;;;;;;;;;;;
popoloca;Popoloca;;;;;;;;;;;;;
chatino;Chatino;;;;;;;;;;;;;
huave;Huave;;;;;;;;;;;;;
triqui;Triqui;;;;;;;;;;;;;
kumiai;Kumiai;;;;;;;;;;;;;
awakateko;Awakateko;;;;;;;;;;;;;
nahua;Nahua;;;;;;;;;;;;;
ixil;Ixil;;;;;;;;;;;;;
choru;Choru;;;;;;;;;;;;;
poqomam;Poqomam;;;;;;;;;;;;;
kiche;Kiche;;;;;;;;;;;;;
achi;Achi;;;;;;;;;;;;;
itza;Itza;;;;;;;;;;;;;
qeqchi;Qeqchi;;;;;;;;;;;;;
pocoman;Pocoman;;;;;;;;;;;;;
chorti;Chorti;;;;;;;;;;;;;
pipil;Pipil;;;;;;;;;;;;;
lenca;Lenca;;;;;;;;;;;;;
tokupan;Tokupan;;;;;;;;;;;;;
pech;Pech;;;;;;;;;;;;;
tawahka;Tawahka;;;;;;;;;;;;;
sutiava;Sutiava;;;;;;;;;;;;;
chorotega;Chorotega;;;;;;;;;;;;;
matagalpa;Matagalpa;;;;;;;;;;;;;
bribri;Bribri;;;;;;;;;;;;;
cabecar;Cab�car;;;;;;;;;;;;;
ngabe;Ng�be;;;;;;;;;;;;;
guatuso;Guatuso;;;;;;;;;;;;;
bokota;Buglere;;;;;;;;;;;;;
embera;Ember�;;;;;;;;;;;;;
kuna;Kuna;;;;;;;;;;;;;
teribe;Teribe;;;;;;;;;;;;;
wounaan;Wounaan;;;;;;;;;;;;;
yuri;Yur�;;;;;;;;;;;;;
achagua;Achagua;;;;;;;;;;;;;
karu;Kar�;;;;;;;;;;;;;
kurripako;Kurripako;;;;;;;;;;;;;
cabiyari;Cabiyari;;;;;;;;;;;;;
piapoco;Piapoco;;;;;;;;;;;;;
awa_pit;Aw� Pit;;;;;;;;;;;;;
coconucan;Coconucan;;;;;;;;;;;;;
paez;Paez;;;;;;;;;;;;;
kichwa;Ingashimi;;;;;;;;;;;;;
malibu;Malib�;;;;;;;;;;;;;
yukpa;Yukpa;;;;;;;;;;;;;
opon;Op�ncarare;;;;;;;;;;;;;
carijona;Carijona;;;;;;;;;;;;;
arhuaco;Arhuaco;;;;;;;;;;;;;
uwa;Wiwa;;;;;;;;;;;;;
macaguan;Macagu�n;;;;;;;;;;;;;
hitnu;Hitn�;;;;;;;;;;;;;
guayabero;Guayabero;;;;;;;;;;;;;
kakwa_nukak;Kakwa-Nukak;;;;;;;;;;;;;
puninave;Puinave;;;;;;;;;;;;;
jupda;Jup;;;;;;;;;;;;;
saliban;Piaroa-Saliban;;;;;;;;;;;;;
tinigua;Tinigua-Pamigua;;;;;;;;;;;;;
camsa;Cams�;;;;;;;;;;;;;
ticuna;Ticuna;;;;;;;;;;;;;
andoque;Andoque;;;;;;;;;;;;;
koreguaje;Koreguaje;;;;;;;;;;;;;
cubeo;Cubeo;;;;;;;;;;;;;
piratopuyo;Guanano;;;;;;;;;;;;;
tariana;Tariana;;;;;;;;;;;;;
desano;Desano;;;;;;;;;;;;;
macuna;Macuna;;;;;;;;;;;;;
yuruti;Yurut�;;;;;;;;;;;;;
tsafiki;Tsafiki;;;;;;;;;;;;;
shuar;Shuar;;;;;;;;;;;;;
achuar;Achuar;;;;;;;;;;;;;
runasimi;Runasimi;;;;;;;;;;;;;
aido_pai;Aido Pai;;;;;;;;;;;;;
zaparo;Z�paro;;;;;;;;;;;;;
esmeraldeno;Esmeralde�o;;;;;;;;;;;;;
chapalaachi;Cha'palaachi;;;;;;;;;;;;;
quechua;Qhiswasimi;;;;;;;;;;;;;
jaqaru;Jaqaru;;;;;;;;;;;;;
kawki;Kawki;;;;;;;;;;;;;
kulyna;Kulyna;;;;;;;;;;;;;
yine;Yine;;;;;;;;;;;;;
ashaninca;Ashaninca;;;;;;;;;;;;;
kakinte;Kakinte;;;;;;;;;;;;;
matsiguenga;Matsiguenga;;;;;;;;;;;;;
nomatsiguenga;Nomatsiguenga;;;;;;;;;;;;;
wachipairi;Wachipairi;;;;;;;;;;;;;
hibito;Hibito;;;;;;;;;;;;;
huambiza;Huambiza;;;;;;;;;;;;;
amahuaca;Amahuaca;;;;;;;;;;;;;
waripano;Waripano;;;;;;;;;;;;;
shipibo;Shipibo;;;;;;;;;;;;;
eseejja;Ese'ejja;;;;;;;;;;;;;
peba_yagua;Peba-Yagua;;;;;;;;;;;;;
taushiro;Taushiro;;;;;;;;;;;;;
muniche;Muniche;;;;;;;;;;;;;
culli;Culli;;;;;;;;;;;;;
lingwara;Lingwara;;;;;;;;;;;;;
llakwash;Llakwash;;;;;;;;;;;;;
lingwa;Lingwa;;;;;;;;;;;;;
kechwa;Kechwa;;;;;;;;;;;;;
orejon;Orejon;;;;;;;;;;;;;
cocama;Cocama;;;;;;;;;;;;;
omagua;Omagua;;;;;;;;;;;;;
cahuaran;Cahuaran;;;;;;;;;;;;;
arabela;Arabela;;;;;;;;;;;;;
araona;Araona;;;;;;;;;;;;;
baure;Baur�;;;;;;;;;;;;;
besiro;Besiro;;;;;;;;;;;;;
cavinen;Cavinen;;;;;;;;;;;;;
chacobo;Ch�cobo;;;;;;;;;;;;;
chiman;Chim�n;;;;;;;;;;;;;
waraza;Waraza;;;;;;;;;;;;;
guarayu;Guarayu;;;;;;;;;;;;;
itonama;Itonama;;;;;;;;;;;;;
kallawaya;Kallawaya;;;;;;;;;;;;;
mayopa;Mayopa;;;;;;;;;;;;;
moxo;Moxo;;;;;;;;;;;;;
itene;Itene;;;;;;;;;;;;;
pukina;Pukina;;;;;;;;;;;;;
siriono;Siriono;;;;;;;;;;;;;
takana;Takana;;;;;;;;;;;;;
uyu;Uru;;;;;;;;;;;;;
toromono;Toromono;;;;;;;;;;;;;
yawanawa;Yawanawa;;;;;;;;;;;;;
ayoreo;Ayoreo;;;;;;;;;;;;;
wichi;Wixi;;;;;;;;;;;;;
rapanui;Rapanui;;;;;;;;;;;;;
poya;Poyan;;;;;;;;;;;;;
mapuche;Mapuche;;;;;;;;;;;;;
cunco;Kunko;;;;;;;;;;;;;
guenoa;Guenoa;;;;;;;;;;;;;
ache;Ach�;;;;;;;;;;;;;
chamacoco;Chamacoco;;;;;;;;;;;;;
manjuy;Iyo'wujwa;;;;;;;;;;;;;
guana;Cashquiha;;;;;;;;;;;;;
lengua;Enlxet;;;;;;;;;;;;;
maka;Mak�;;;;;;;;;;;;;
nivacle;Nivacl�;;;;;;;;;;;;;
chiripa;Chirip�;;;;;;;;;;;;;
pai_tavy;P�i Tavyter�;;;;;;;;;;;;;
sanapana;Sanapan�;;;;;;;;;;;;;
toba;Toba;;;;;;;;;;;;;
palikur;Palik�r;;;;;;;;;;;;;
wayana;Wayana;;;;;;;;;;;;;
wayapi;Way�pi;;;;;;;;;;;;;
emerillo;Emerillo;;;;;;;;;;;;;
akurio;Akurio;;;;;;;;;;;;;
mawayana;Mawayana;;;;;;;;;;;;;
sikiana;Sikiana;;;;;;;;;;;;;
lokono;Lokono;;;;;;;;;;;;;
tiriyo;Tiriy�;;;;;;;;;;;;;
waiwai;Wai Wai;;;;;;;;;;;;;
macuxi;Macux�;;;;;;;;;;;;;
akawayo;Akawayo;;;;;;;;;;;;;
wapishana;Wapishana;;;;;;;;;;;;;
paraujano;Paraujano;;;;;;;;;;;;;
warekena;Warekena;;;;;;;;;;;;;
panare;Panare;;;;;;;;;;;;;
japreria;Japreria;;;;;;;;;;;;;
pemon;Pem�n;;;;;;;;;;;;;
mapoyo;Mapoyo;;;;;;;;;;;;;
yekuana;Yekuana;;;;;;;;;;;;;
yanam;Yanam;;;;;;;;;;;;;
sanuma;Sanuma;;;;;;;;;;;;;
joti;Joti;;;;;;;;;;;;;
jirajana;Jirajana;;;;;;;;;;;;;
guamontey;Guamontey;;;;;;;;;;;;;
arutani;Arutani;;;;;;;;;;;;;
jukude;Jukude;;;;;;;;;;;;;
charrua;Charr�a;;;;;;;;;;;;;
yanomamo;Yanomamo;;;;;;;;;;;;;
yaminawa;Yaminaw�;;;;;;;;;;;;;
xanenawa;Xanenawa;;;;;;;;;;;;;
kaxarari;Kaxarar�;;;;;;;;;;;;;
latunde;Latund�;;;;;;;;;;;;;
sabane;Saban�;;;;;;;;;;;;;
yabuti;Yabut�;;;;;;;;;;;;;
karitiana;Kariti�na;;;;;;;;;;;;;
arua;Aru�;;;;;;;;;;;;;
kawahiva;Kawah�va;;;;;;;;;;;;;
tupari;Tupar�;;;;;;;;;;;;;
surui;Suru�;;;;;;;;;;;;;
wayoro;Wayor�;;;;;;;;;;;;;
emawene_nawe;Emawene Nawe;;;;;;;;;;;;;
monde;Monde;;;;;;;;;;;;;
ariak;Aruak;;;;;;;;;;;;;
nambikwara;Nambikwara;;;;;;;;;;;;;
rikboktsa;Rikbokts�;;;;;;;;;;;;;
iranxe;Iranxe;;;;;;;;;;;;;
bororo;Bor�ro;;;;;;;;;;;;;
karaja;Karaj�;;;;;;;;;;;;;
ofaie;Ofai�;;;;;;;;;;;;;
terena;Ter�na;;;;;;;;;;;;;
quiniquinao;Quiniquinao;;;;;;;;;;;;;
guaikuru;Guaikuru;;;;;;;;;;;;;
kaiwa;Kaiw�;;;;;;;;;;;;;
xokleng;Xokleng;;;;;;;;;;;;;
kaingang;Kaingang;;;;;;;;;;;;;
krenak;Krenak;;;;;;;;;;;;;
maxakali;Maxakali;;;;;;;;;;;;;
aimore;Aimore;;;;;;;;;;;;;
apinaje;Apinaj�;;;;;;;;;;;;;
karipuna;Karipuna;;;;;;;;;;;;;
galibi;Galibi;;;;;;;;;;;;;
wayampi;Wayampi;;;;;;;;;;;;;
tremembe;Tremembe;;;;;;;;;;;;;
mawe;Mawe;;;;;;;;;;;;;
akwawa;Akwawa;;;;;;;;;;;;;
asurini;Asurini;;;;;;;;;;;;;
parakana;Parakan�;;;;;;;;;;;;;
kayabi;Kayabi;;;;;;;;;;;;;
anambe;Anambe;;;;;;;;;;;;;
guaja;Guaja;;;;;;;;;;;;;
zoe;Zo'�;;;;;;;;;;;;;
turiwara;Turiw�ra;;;;;;;;;;;;;
kayapo;Kayapo;;;;;;;;;;;;;
munduruku;Munduruku;;;;;;;;;;;;;
juruna;Juruna;;;;;;;;;;;;;
apurina;Apuri�a;;;;;;;;;;;;;
katukina;Katukina;;;;;;;;;;;;;
mura;Mura;;;;;;;;;;;;;
waimiri;Waimiri;;;;;;;;;;;;;
parukoto;Parukoto;;;;;;;;;;;;;
amanaye;Amanaye;;;;;;;;;;;;;
tapayuna;Tapayuna;;;;;;;;;;;;;
kisejde;Kisejde;;;;;;;;;;;;;
mebengokre;Mebengokre;;;;;;;;;;;;;
passamaquoddy;Passamaquoddy;;;;;;;;;;;;;
east_cree;East Cree;;;;;;;;;;;;;
mikmaq;Mi'kmaq;;;;;;;;;;;;;
innu;Innu;;;;;;;;;;;;;
naskapi;Naskapi;;;;;;;;;;;;;
maliseet;Maliseet;;;;;;;;;;;;;
eastern_abenaki;Eastern Abenaki;;;;;;;;;;;;;
western_abenaki;Western Abenaki;;;;;;;;;;;;;
otomaco;Otomaco;;;;;;;;;;;;
yabarana;Yabarana;;;;;;;;;;;;
macushi;Macuxi;;;;;;;;;;;;
bakairi;Bakair�;;;;;;;;;;;;
amonap;Apalakiri;;;;;;;;;;;;
matipu;Matipu;;;;;;;;;;;;
kalapalo;Kalapalo;;;;;;;;;;;;
nicoleno;Nicole�o;;;;;;;;;;;;
kamchadal;Kamchadal;;;;;;;;;;;;
mator;Mator;;;;;;;;;;;;
yukaghir;Anaul;;;;;;;;;;;;
chuvan;Chuvan;;;;;;;;;;;;
kerek;Kerek;;;;;;;;;;;;
koryak;Koryak;;;;;;;;;;;;
itelmen;Itelmen;;;;;;;;;;;;
alyutor;Alyutor;;;;;;;;;;;;
baraba;Baraba;;;;;;;;;;;;
tubalar;Tubalar;;;;;;;;;;;;
karatay;Karatay;;;;;;;;;;;;
soyot;Soyot;;;;;;;;;;;;
chelkan;Chelkan;;;;;;;;;;;;
khakass;Khakass;;;;;;;;;;;;
kalmaki;Kalmaki;;;;;;;;;;;;
teleut;Teleut;;;;;;;;;;;;
kumandin;Kumandin;;;;;;;;;;;;
chulym;Chulym;;;;;;;;;;;;
shor;Shor;;;;;;;;;;;;
chat;Chat;;;;;;;;;;;;
eushtintsy;Eushtintsy;;;;;;;;;;;;
chodove;Chodov�;;;;;;;;;;;;
circassian;Circassian;;;;;;;;;;;;
georgian;Georgian;;;;;;;;;;;;
clatskanie;Clatskanie;;;;;;;;;;;;
molalla;Molalla;;;;;;;;;;;;
torres_islander;Torres Strait Islander;;;;;;;;;;;;
csangos;Cs�ng�;;;;;;;;;;;;
vlach;Vlach;;;;;;;;;;;;
portuguese_burghers;Portuguese Burgher;;;;;;;;;;;;
bayingyi;Bayingyi;;;;;;;;;;;;
kristang;Kristang;;;;;;;;;;;;
jejulang;Jeju;;;;;;;;;;;;
shabak;Shabak;;;;;;;;;;;;
moravian;Moravian;;;;;;;;;;;;
szekler;Sz�kely;;;;;;;;;;;;
mezoseg;Mez�s�gi;;;;;;;;;;;;
pogarli;Pogarli;;;;;;;;;;;;
nubian;Nubian;;;;;;;;;;;;
qarapapaq;Qarapapaq;;;;;;;;;;;;
twa;Twa;;;;;;;;;;;;
aborigine;Pama�Nyungan;;;;;;;;;;;;
garawano_tangkic;Garawano-Tangkic;;;;;;;;;;;;
arnhemic;Arnhemic;;;;;;;;;;;;
mindi;Mindi;;;;;;;;;;;;
giimbiyu;Giimbiyu;;;;;;;;;;;;
iwaidjan;Iwaidjan;;;;;;;;;;;;
darwin;Darwin;;;;;;;;;;;;
tiwi_islander;Tiwi Islander;;;;;;;;;;;;
wardaman;Wardaman;;;;;;;;;;;;
wagiman;Wagiman;;;;;;;;;;;;
daly;Daly-Malak;;;;;;;;;;;;
jarrakan;Jarrakan;;;;;;;;;;;;
bunuban;Bunuban;;;;;;;;;;;;
worrorran;Worrorran;;;;;;;;;;;;
nyulnyulan;Nyulnyulan;;;;;;;;;;;;
lach;Lach;;;;;;;;;;;;
saho;Saho;;;;;;;;;;;;
nara_people;Nara;;;;;;;;;;;;
bilen;Bilen;;;;;;;;;;;;
kunama;Kunama;;;;;;;;;;;;
sertanejo;Sertanejo;;;;;;;;;;;;
okanagan;Okanagan;;;;;;;;;;;;
kwakiutl;Kwakiutl;;;;;;;;;;;;
makah;Makah;;;;;;;;;;;;
chimakuan;Chimakum;;;;;;;;;;;;
deeznutks;Nuu-chah-nulth;;;;;;;;;;;;
aimaq;Aimaq;;;;;;;;;;;;
hazara;Hazara;;;;;;;;;;;;
vallahade;Vallahade;;;;;;;;;;;;
pomak;Pomak;;;;;;;;;;;;
torbesi;Torbe�i;;;;;;;;;;;;
tshitak;Tshitak;;;;;;;;;;;;
krymchak;Krymchak;;;;;;;;;;;;
scanian;Scanian;;;;;;;;;;;;
lipovan;Lipovan;;;;;;;;;;;;
nekrasovite;Nekrasovite;;;;;;;;;;;;
doukhobor;Doukhobor;;;;;;;;;;;;
jamska;J�mska;;;;;;;;;;;;
gotlandic;Gotlandic;;;;;;;;;;;;
estremenu;Estreme�u;;;;;;;;;;;;
fala_xalima;Xalimego;;;;;;;;;;;;
slovincian;Slovincian;;;;;;;;;;;;
eonaviego;Eonaviegan;;;;;;;;;;;;
imallod_isneg;Imallod-Isnag;;;;;;;;;;;;
imandaya_isnag;Imandaya-Isnag;;;;;;;;;;;;
paisa;Paisa;;;;;;;;;;;;
costeno;Coste�o;;;;;;;;;;;;
llanero;Llanero;;;;;;;;;;;;
peranakan;Peranakan;;;;;;;;;;;;
bandanesian;Bandanesian;;;;;;;;;;;;
halmaheran;Halmaheran;;;;;;;;;;;;
mai_kalabra;Mai-Kalabra;;;;;;;;;;;;
mairasi;Mairasi;;;;;;;;;;;;
geelvinkian;Geelvinkian;;;;;;;;;;;;
asmat;Asmat;;;;;;;;;;;;
agwyu;Agwyu;;;;;;;;;;;;
okapsmin;Okapsmin;;;;;;;;;;;;
marind;Marind;;;;;;;;;;;;
bauzi;Bauzi;;;;;;;;;;;;
metotetun;Metotetun;;;;;;;;;;;;
kwomtari;Kwomtari;;;;;;;;;;;;
baining;Baining;;;;;;;;;;;;
adzera;Adzera;;;;;;;;;;;;
may_brat;May Brat;;;;;;;;;;;;
gkewa;Gkewa;;;;;;;;;;;;
omati_mena;Omati-Mena;;;;;;;;;;;;
koiali;Koiali;;;;;;;;;;;;
suau;Suau;;;;;;;;;;;;
duau;Duau;;;;;;;;;;;;
maracucho;Maracucho;;;;;;;;;;;;
chin;Chin;;;;;;;;;;;;
mizo;Mizo;;;;;;;;;;;;
afshar;Afshar;;;;;;;;;;;;
aynallu;�ynallu;;;;;;;;;;;;
baharlu;Baharlu;;;;;;;;;;;;
indonesian;Indo;;;;;;;;;;;;
baekjeong;Baekjeong;;;;;;;;;;;;
burakumin;Burakumin;;;;;;;;;;;;
akhdam;Akhdam;;;;;;;;;;;;
ragyabpa;Ragyabpa;;;;;;;;;;;;
ohuhu;Ohuhu;;;;;;;;;;;;
osu_caste;Osu;;;;;;;;;;;;
bhil;Bhil;;;;;;;;;;;;
korku;Korku;;;;;;;;;;;;
gondi;Gondi;;;;;;;;;;;;
santali;Santali;;;;;;;;;;;;
mundari;Mundari;;;;;;;;;;;;
ho_munda;Ho;;;;;;;;;;;;
kharia;Kharia;;;;;;;;;;;;
juang;Juang;;;;;;;;;;;;
sora_gutob;Sora-Gutob;;;;;;;;;;;;
deccani;Deccani;;;;;;;;;;;;
sus_culture;Sus;;;;;;;;;;;;
naga_anal;Anal;;;;;;;;;;;;
whatever_naga;Nagan;;;;;;;;;;;;
arakanese;Akaranese;;;;;;;;;;;;
chittagonian;Chittagonian;;;;;;;;;;;;
rohingya;Rohingya;;;;;;;;;;;;
chakma;Chakma;;;;;;;;;;;;
riang;Riang;;;;;;;;;;;;
rakhine;Rakhine;;;;;;;;;;;;
garo;Garo;;;;;;;;;;;;
oraon_sadri;Oraon Sadri;;;;;;;;;;;;
kurux;Kurux;;;;;;;;;;;;
meithei;Meithei;;;;;;;;;;;;
mru_culture;Mru;;;;;;;;;;;;
moimba;Moimba;;;;;;;;;;;;
vaiphei;Vaiphei;;;;;;;;;;;;
khamti;Khamti;;;;;;;;;;;;
bado;Bado;;;;;;;;;;;;
lepcha;Lepcha;;;;;;;;;;;;
rajbanshi;Rajbanshi;;;;;;;;;;;;
sylheti;Sylheti;;;;;;;;;;;;
bundeli;Bundeli;;;;;;;;;;;;
waddar;Waddar;;;;;;;;;;;;
lambadi;Lambadi;;;;;;;;;;;;
yerukala;Yerukala;;;;;;;;;;;;
andh;Andh;;;;;;;;;;;;
konkani;Konkani;;;;;;;;;;;;
luti;Luti;;;;;;;;;;;;
faetar;Faetar;;;;;;;;;;;;
cimbrian;Cimbrian;;;;;;;;;;;;
altai_culture;Altai;;;;;;;;;;;;
polska_roma;Polska Roma;;;;;;;;;;;;
wenatchi;Wenatchi;;;;;;;;;;;;
upper_chehalis;Upper Chehalis;;;;;;;;;;;;
lower_chehalis;Lower Chehalis;;;;;;;;;;;;
cowichan;Cowichan;;;;;;;;;;;;
cowlitz;Cowlitz;;;;;;;;;;;;
duwamish;Duwamish;;;;;;;;;;;;
esquimault;Esquimault;;;;;;;;;;;;
klallam;Klallam;;;;;;;;;;;;
musqueam;Musqueam;;;;;;;;;;;;
stolo;Stolo;;;;;;;;;;;;
comox;Comox;;;;;;;;;;;;
homalco;Homalco;;;;;;;;;;;;
klahoose;Klahoose;;;;;;;;;;;;
helitsuk;Heiltsuk;;;;;;;;;;;;
oweekano;Oweekano;;;;;;;;;;;;
tlaamin;Tla'amin;;;;;;;;;;;;
lummi;Lummi;;;;;;;;;;;;
muckleshoot;Muckleshoot;;;;;;;;;;;;
nisqually;Nisqually;;;;;;;;;;;;
nooksack;Nooksack;;;;;;;;;;;;
pentlatch;Pentlatch;;;;;;;;;;;;
puyallup;Puyallup;;;;;;;;;;;;
saanich;Saanich;;;;;;;;;;;;
samish;Samish;;;;;;;;;;;;;;;;;;;;;;;;
semiahmoo;Semiahmoo;;;;;;;;;;;;
sechelt;Sechelt;;;;;;;;;;;;
lower_skagit;Lower Skagit;;;;;;;;;;;;
upper_skagit;Upper Skagit;;;;;;;;;;;;
twana;Twana;;;;;;;;;;;;
snohomish;Snohomish;;;;;;;;;;;;
snoqualmie;Snoqualmie;;;;;;;;;;;;
songhee;Songhee;;;;;;;;;;;;
squamish;Squamish;;;;;;;;;;;;
squaxin;Squaxin;;;;;;;;;;;;
stillaguamish;Stillaguamish;;;;;;;;;;;;
suquamish;Suquamish;;;;;;;;;;;;
swinomish;Swinomish;;;;;;;;;;;;
tsetsaut;Tsetsaut;;;;;;;;;;;;
tsooke;Tsooke;;;;;;;;;;;;
sauk_suiattle;Sauk-Suiattle;;;;;;;;;;;;
willapa;Willapa;;;;;;;;;;;;
quileute;Quileute;;;;;;;;;;;;
kathlamet;Kathlamet;;;;;;;;;;;;
sinkiuse;Sinkiuse;;;;;;;;;;;;
colville;Colville;;;;;;;;;;;;
san_poil;San Poil;;;;;;;;;;;;
nespelem;Nespelem;;;;;;;;;;;;
sinixt;Sinixt;;;;;;;;;;;;
methow;Methow;;;;;;;;;;;;
chelan;Chelan;;;;;;;;;;;;
entiat;Entiat;;;;;;;;;;;;
pswanwapam;Pswanwapam;;;;;;;;;;;;
skinpah;Skinpah;;;;;;;;;;;;
kittitas;Kittitas;;;;;;;;;;;;
chamnapam;Chamnapam;;;;;;;;;;;;
wauyukma;Wauyukma;;;;;;;;;;;;
naxiyampam;Naxiyampam;;;;;;;;;;;;
stuwix;Stuwix;;;;;;;;;;;;
nlakapamux;Nlakapamux;;;;;;;;;;;;
dakelh;Dakelh;;;;;;;;;;;;
sekani;Sekani;;;;;;;;;;;;
babine;Babine;;;;;;;;;;;;
danezaa;Dane-zaa;;;;;;;;;;;;
slavey;Slavey;;;;;;;;;;;;
shuwsap;Shuswap;;;;;;;;;;;;
wetsuweten;Wetsuweten;;;;;;;;;;;;
tagish;Tagish;;;;;;;;;;;;
tahtlan;Tahtlan;;;;;;;;;;;;
kaska;Kaska;;;;;;;;;;;;
nisgaa;Nisgaa;;;;;;;;;;;;
gitxsan;Gitxsan;;;;;;;;;;;;
halkomelem;Halkomelem;;;;;;;;;;;;
quinault;Quinault;;;;;;;;;;;;
ditidaht;Ditidaht;;;;;;;;;;;;
heilsuk;Heilsuk;;;;;;;;;;;;
haisla;Haisla;;;;;;;;;;;;
shuswap;Shuswap;;;;;;;;;;;;
yaeyama;Yaeyama;;;;;;;;;;;;
yonaguni;Yonaguni;;;;;;;;;;;;
miyakoan;Miyakoan;;;;;;;;;;;;
tarama;Tarama;;;;;;;;;;;;
hachijo;Hachijo;;;;;;;;;;;;
tokunoshima;Tokunoshima;;;;;;;;;;;;
okinoerabu;Okinoerabu;;;;;;;;;;;;
kunigami;Kunigami;;;;;;;;;;;;
amami;Amami;;;;;;;;;;;;
yoron;Yoron;;;;;;;;;;;;
kikai;Kikai;;;;;;;;;;;;
sama_bajau;Sama-Bajau;;;;;;;;;;;;
orang_laut;Orang Laut;;;;;;;;;;;;
moken;Moken;;;;;;;;;;;;
kedayan;Kedayan;;;;;;;;;;;;
romaniote;Romaniote;;;;;;;;;;;;
xamtanga;Xamtanga;;;;;;;;;;;;
qimant;Qimant;;;;;;;;;;;;
gule;Gule;;;;;;;;;;;;
kunfal;Kunfal;;;;;;;;;;;;
awngi;Awngi;;;;;;;;;;;;
sidama;Sidamic;;;;;;;;;;;;
harari;Harari;;;;;;;;;;;;
gurage;Gurage;;;;;;;;;;;;
amazonico;Amazonic;;;;;;;;;;;;
gumuz;Gumuz;;;;;;;;;;;;
kott;Kott;;;;;;;;;;;;
dolgan;Dolgan;;;;;;;;;;;;
ili_turkish;Ili;;;;;;;;;;;;
nganasan;Nganasan;;;;;;;;;;;;